{
  "Jean Dupont": {
    "revenus_mensuels": 4200,
    "charges_mensuelles": 400,
    "score_credit": 780,
    "historique_credit": {
      "retards_paiement": 0,
      "pret_actif": false
    }
  },
  "Marie Lefebvre": {
    "revenus_mensuels": 2000,
    "charges_mensuelles": 800,
    "score_credit": 720,
    "historique_credit": {
      "retards_paiement": 1,
      "pret_actif": true
    }
  },
  "Ahmed Benali": {
    "revenus_mensuels": 3500,
    "charges_mensuelles": 1200,
    "score_credit": 540,
    "historique_credit": {
      "retards_paiement": 3,
      "pret_actif": true
    }
  },
  "Sophie Martin": {
    "revenus_mensuels": 4100,
    "charges_mensuelles": 1500,
    "score_credit": 660,
    "historique_credit": {
      "retards_paiement": 0,
      "pret_actif": false
    }
  
  }
}
