{
  "John Doe": {
    "clientId": "client-001",
    "address": "123 Main St",
    "revenus_mensuels": 4000,
    "charges_mensuelles": 3000,
    "dettes": 5000,
    "retards_paiements": 2,
    "faillite": false
  },  
  "Alice Smith": {
    "clientId": "client-002",
    "address": "456 Elm St",
    "revenus_mensuels": 3000,
    "charges_mensuelles": 2500,
    "dettes": 2000,
    "retards_paiements": 0,
    "faillite": false
  },
  "Bob Johnson": {
    "clientId": "client-003",
    "address": "789 Oak St",
    "revenus_mensuels": 6000,
    "charges_mensuelles": 5500,
    "dettes": 10000,
    "retards_paiements": 5,
    "faillite": true
  }
}
