<?xml version="1.0" ?>
<soap11env:Envelope xmlns:soap11env="http://schemas.xmlsoap.org/soap/envelope/" xmlns:tns="spyne.service.orch">
  <soap11env:Body>
    <tns:evaluateLoanResponse>
      <tns:evaluateLoanResult>
        <tns:id_demande>2</tns:id_demande>
        <tns:informations_extraites>
          <tns:nom>Jean Dupont</tns:nom>
          <tns:adresse>12 rue victor hugo, lyon</tns:adresse>
          <tns:montant_pret>200000.0</tns:montant_pret>
          <tns:duree>20</tns:duree>
          <tns:revenus_mensuels>3500.0</tns:revenus_mensuels>
          <tns:description>Maison familiale avec jardin et garage</tns:description>
        </tns:informations_extraites>
        <tns:solvabilite>
          <tns:id_demande>2</tns:id_demande>
          <tns:nom>Jean Dupont</tns:nom>
          <tns:erreur>Aucune donnée trouvée pour le client 'Jean Dupont'</tns:erreur>
        </tns:solvabilite>
        <tns:propriete>
          <tns:id_demande>2</tns:id_demande>
          <tns:valeur_estimee>240000.0</tns:valeur_estimee>
          <tns:conformite>conforme</tns:conformite>
          <tns:description>maison familiale avec jardin et garage</tns:description>
          <tns:message>Valeur estimée basée sur le montant du prêt.</tns:message>
        </tns:propriete>
        <tns:decision>
          <tns:id_demande>2</tns:id_demande>
          <tns:montant_pret>0.0</tns:montant_pret>
          <tns:valeur_bien>240000.0</tns:valeur_bien>
          <tns:taux_endettement>1.0</tns:taux_endettement>
          <tns:decision_finale>REFUSÉ</tns:decision_finale>
          <tns:taux_interet>0.0</tns:taux_interet>
          <tns:motif>Données financières incomplètes.</tns:motif>
        </tns:decision>
      </tns:evaluateLoanResult>
    </tns:evaluateLoanResponse>
  </soap11env:Body>
</soap11env:Envelope>
