<?xml version="1.0" ?>
<soap11env:Envelope xmlns:soap11env="http://schemas.xmlsoap.org/soap/envelope/" xmlns:tns="spyne.service.orch">
  <soap11env:Body>
    <tns:evaluateLoanResponse>
      <tns:evaluateLoanResult>
        <tns:id_demande>2</tns:id_demande>
        <tns:informations_extraites>
          <tns:nom>Bob Johnson</tns:nom>
          <tns:adresse>789 oak st</tns:adresse>
          <tns:montant_pret>250000.0</tns:montant_pret>
          <tns:duree>25</tns:duree>
          <tns:revenus_mensuels>6000.0</tns:revenus_mensuels>
          <tns:description>Grande maison avec piscine et terrasse</tns:description>
        </tns:informations_extraites>
        <tns:solvabilite>
          <tns:id_demande>2</tns:id_demande>
          <tns:nom>Bob Johnson</tns:nom>
          <tns:revenu_mensuel>6000.0</tns:revenu_mensuel>
          <tns:charges_mensuelles>5500.0</tns:charges_mensuelles>
          <tns:montant_pret>250000.0</tns:montant_pret>
          <tns:taux_endettement>1.09</tns:taux_endettement>
          <tns:score_credit>-450.0</tns:score_credit>
          <tns:niveau_risque>élevé</tns:niveau_risque>
          <tns:decision>Client à risque ⚠️</tns:decision>
        </tns:solvabilite>
        <tns:propriete>
          <tns:id_demande>2</tns:id_demande>
          <tns:valeur_estimee>300000.0</tns:valeur_estimee>
          <tns:conformite>conforme</tns:conformite>
          <tns:description>grande maison avec piscine et terrasse</tns:description>
          <tns:message>Valeur estimée basée sur le montant du prêt.</tns:message>
        </tns:propriete>
        <tns:decision>
          <tns:id_demande>2</tns:id_demande>
          <tns:montant_pret>250000.0</tns:montant_pret>
          <tns:valeur_bien>300000.0</tns:valeur_bien>
          <tns:taux_endettement>1.09</tns:taux_endettement>
          <tns:decision_finale>REFUSÉ</tns:decision_finale>
          <tns:taux_interet>0.0</tns:taux_interet>
          <tns:motif>Taux d'endettement trop élevé (1.09).</tns:motif>
        </tns:decision>
      </tns:evaluateLoanResult>
    </tns:evaluateLoanResponse>
  </soap11env:Body>
</soap11env:Envelope>
