<?xml version="1.0" ?>
<soap11env:Envelope xmlns:soap11env="http://schemas.xmlsoap.org/soap/envelope/" xmlns:tns="spyne.service.orch">
  <soap11env:Body>
    <tns:evaluateLoanResponse>
      <tns:evaluateLoanResult>
        <tns:id_demande>4</tns:id_demande>
        <tns:informations_extraites>
          <tns:nom>John Doe</tns:nom>
          <tns:adresse>123 main st</tns:adresse>
          <tns:montant_pret>200000.0</tns:montant_pret>
          <tns:duree>20</tns:duree>
          <tns:revenus_mensuels>4000.0</tns:revenus_mensuels>
          <tns:description>Maison individuelle avec jardin et garage</tns:description>
        </tns:informations_extraites>
        <tns:solvabilite>
          <tns:id_demande>4</tns:id_demande>
          <tns:nom>John Doe</tns:nom>
          <tns:revenu_mensuel>4000.0</tns:revenu_mensuel>
          <tns:charges_mensuelles>3000.0</tns:charges_mensuelles>
          <tns:montant_pret>200000.0</tns:montant_pret>
          <tns:taux_endettement>0.96</tns:taux_endettement>
          <tns:score_credit>400.0</tns:score_credit>
          <tns:niveau_risque>élevé</tns:niveau_risque>
          <tns:decision>Client à risque ⚠️</tns:decision>
        </tns:solvabilite>
        <tns:propriete>
          <tns:id_demande>4</tns:id_demande>
          <tns:valeur_estimee>240000.0</tns:valeur_estimee>
          <tns:conformite>conforme</tns:conformite>
          <tns:description>maison individuelle avec jardin et garage</tns:description>
          <tns:message>Valeur estimée basée sur le montant du prêt.</tns:message>
        </tns:propriete>
        <tns:decision>
          <tns:id_demande>4</tns:id_demande>
          <tns:montant_pret>200000.0</tns:montant_pret>
          <tns:valeur_bien>240000.0</tns:valeur_bien>
          <tns:taux_endettement>0.96</tns:taux_endettement>
          <tns:decision_finale>REFUSÉ</tns:decision_finale>
          <tns:taux_interet>0.0</tns:taux_interet>
          <tns:motif>Taux d'endettement trop élevé (0.96).</tns:motif>
        </tns:decision>
      </tns:evaluateLoanResult>
    </tns:evaluateLoanResponse>
  </soap11env:Body>
</soap11env:Envelope>
